---
title: "HW: Week 12"
author: "36-350 -- Statistical Computing"
date: "Week 12 -- Spring 2021"
output:
  pdf_document:
    toc: no
  html_document:
    toc: true
    toc_float: true
    theme: spacelab
---

Name: Joan Lee

Andrew ID: joanl2

You must submit **your own** lab as a knitted PDF file on Gradescope.

This week's homework is a little different. Here you will be working with `SQL`, specifically with the variant `postgres`. You will do your work "remotely" in a `postgres` terminal and cut-and-paste your answers into plain code blocks below:
```
This is a plain code block. Note the lack of a {r} above.
Try to avoid issues of text going off the page by utilizing
line breaks.
```
Cut-and-paste both your input command and the output. *If the output has many rows, it is sufficient to cut-and-paste the first five, unless otherwise instructed.*

<hr>

## Question 1
*(10 points)*

*Notes 12A (7-11) + Notes 12B (3)*

Create a table dubbed `rdata` that has five columns: `id` (type `serial primary key`), `a` and `b` (consisting of strings that should be no more than five characters), `moment` (which is a date), and `x` (which is a number that should have no more than five digits total and two to the right of the decimal point).
```
**input**
create table rdata ( id serial primary key, a varchar(5), b varchar(5), moment date, x numeric(5,2));

**output**
CREATE TABLE
```

## Question 2
*(10 points)*

*Notes 12B (4,8)*

Delete the table and create it again, with certain constraints: `a` and `b` cannot be null and must be unique; `moment` should have a default value of `2020-01-01` (); and `x` should be larger than zero.
```
**input**: 
drop table rdata;
create table rdata ( id serial primary key, a varchar(5) unique not null, b varchar(5) unique not null, moment date default '2020-01-01' , x numeric(5,2) check (x > 0));

**output**:
DROP TABLE
CREATE TABLE
```

## Question 3
*(10 points)*

*Notes 12A (4)*

Use `\d` in combination with the name of your table to display its properties. Copy and paste all output here.
```
**input**
\d rdata

**output**
                                   Table "public.rdata"
 Column |         Type         | Collation | Nullable |              Default              
--------+----------------------+-----------+----------+-----------------------------------
 id     | integer              |           | not null | nextval('rdata_id_seq'::regclass)
 a      | character varying(5) |           | not null | 
 b      | character varying(5) |           | not null | 
 moment | date                 |           |          | '2020-01-01'::date
 x      | numeric(5,2)         |           |          | 
Indexes:
    "rdata_pkey" PRIMARY KEY, btree (id)
    "rdata_a_key" UNIQUE CONSTRAINT, btree (a)
    "rdata_b_key" UNIQUE CONSTRAINT, btree (b)
Check constraints:
    "rdata_x_check" CHECK (x > 0::numeric)

```

## Question 4
*(10 points)*

*Notes 12B (5)*

Insert three rows of data into your table. Do this without explicity referring to the column `id` or `moment`. Display your table using the command `select * from rdata`. You should see a default date in your `moment` column!
```
**input**
insert into rdata (a,b,x) values ('a','b',222.22), ('c','d',333.33), ('e','f',444.44);
select * from rdata;

**output**
INSERT 0 3
 id | a | b |   moment   |   x    
----+---+---+------------+--------
  1 | a | b | 2020-01-01 | 222.22
  2 | c | d | 2020-01-01 | 333.33
  3 | e | f | 2020-01-01 | 444.44
(3 rows)


```

## Question 5
*(10 points)*

*Notes 12B (5)*

Attempt to add another row of data with a negative value for `x`. Show what happens. (If the row is added...that's bad. It means you don't have the constraint `x` > 0 defined.) Afterwords, add a valid row of data, and show the table. Is there anything weird?
```
**input**
insert into rdata (a,b,x) values ('g','h', -100.00);
insert into rdata (a,b,x) values ('g', 'h', 555.55);
select * from rdata;

**output**
ERROR:  new row for relation "rdata" violates check constraint "rdata_x_check"
DETAIL:  Failing row contains (4, r, a, 2020-01-01, -100.00).
INSERT 0 1
 id | a | b |   moment   |   x    
----+---+---+------------+--------
  1 | a | b | 2020-01-01 | 222.22
  2 | c | d | 2020-01-01 | 333.33
  3 | e | f | 2020-01-01 | 444.44
  5 | g | h | 2020-01-01 | 555.55
(4 rows)
```
```
The 'id' for the 4th from is 5 when it is supposed to be 4.
```

## Question 6
*(10 points)*

*Notes 12B (6)*

Change the table `rdata` so as to change the data in `moment` so that two of the dates are in March 2020, while the other two are not in March 2020. Use `where` as shown in the notes, and utilize a logical "or" to update two of the dates to the same date in March at the same time. Show your updated table. (Note that the rows may be rearranged. This is OK.)
```
**input**
update rdata set moment = '2020-03-03'::date where id < 3;
select * from rdata;

**output**
UPDATE 2
 id | a | b |   moment   |   x    
----+---+---+------------+--------
  3 | e | f | 2020-01-01 | 444.44
  5 | g | h | 2020-01-01 | 555.55
  1 | a | b | 2020-03-03 | 222.22
  2 | c | d | 2020-03-03 | 333.33
(4 rows)

```

## Question 7
*(10 points)*

*Notes 12B (7)*

Add a new column to `rdata` dubbed `y`, and let it be of `boolean` type with default value `false`. Display your updated table.
```
**input**
alter table rdata add column y boolean default 'false';
select * from rdata;

**output**
ALTER TABLE
id | a | b |   moment   |   x    | y 
----+---+---+------------+--------+---
  3 | e | f | 2020-01-01 | 444.44 | f
  5 | g | h | 2020-01-01 | 555.55 | f
  1 | a | b | 2020-03-03 | 222.22 | f
  2 | c | d | 2020-03-03 | 333.33 | f
(4 rows)

```

## Question 8
*(10 points)*

*Notes 12B (8)*

Remove the row of your table with `id` value 2. Display your updated table.
```
**input**
delete from rdata where id = 2;
select * from rdata;

**output**
DELETE 1
id | a | b |   moment   |   x    | y 
----+---+---+------------+--------+---
  3 | e | f | 2020-01-01 | 444.44 | f
  5 | g | h | 2020-01-01 | 555.55 | f
  1 | a | b | 2020-03-03 | 222.22 | f
(3 rows)

```

## Question 9
*(10 points)*

*Notes 12B (7)*

Rename the column `moment` to have the name `date`. Display your updated table.
```
**input**
alter table rdata rename column moment to date;
select * from rdata;

**output**
ALTER TABLE
id | a | b |    date     |   x    | y 
----+---+---+------------+--------+---
  3 | e | f | 2020-01-01 | 444.44 | f
  5 | g | h | 2020-01-01 | 555.55 | f
  1 | a | b | 2020-03-03 | 222.22 | f
(3 rows)

```

## Question 10
*(10 points)*

*Notes 12C (2-4)*

Download the file `GalaxyStatistics.txt` from the `DATA` directory on `Canvas`. This file contains three columns: the sky field name, the Gini coefficient value, and the concentration statistic value for each of 8,358 observed galaxies. (Feel free to call the concentration statistic column `conc` for short.) Copy it into a `postgres` session to populate a table named `galaxies`. You should add explicit checks that ensure that `gini` and `conc` have values greater than zero. Hint: you'll have to explicitly provide a `delimiter` value here.
```
**input**
\cd /Users/joanlee/Downloads
create table galaxies (Field text, Gini numeric where (Gini > 0), Conc numeric where (Conc > 0));
\copy galaxies from 'GalaxyStatistics.txt' with (format csv, header, delimiter ' ');

**output**
COPY 8358
```

## Question 11
*(10 points)*

*Notes 12B (8)*

Delete all rows of the table for which the value of `gini` is less than 0.5 or the value of `conc` is greater than 3. You should find that 7,883 rows are deleted. (Show this by showing the output of your `SQL` command.)
```
input:
delete from galaxies where gini < 0.5 or conc > 3;

output:
DELETE 7883
```

## Question 12
*(10 points)*

*Notes 12B (6-7)*

Alter the table to create a new variable `cg_rat` that is the ratio of `conc` to `gini`. Then display all the rows where the value of `cg_rat` is greater than 5.9. (This last part is accomplished by combining `select` with `where` in a way that should be hopefully becoming somewhat intuitive.) You should have nine rows of output overall.
```
input:
alter table galaxies add column cg_rat real;

output:
ALTER TABLE

input:
update galaxies set cg_rat = conc/gini;

output:
UPDATE 475

input:
select * from galaxies where cg_rat > 5.9;

output:
field  |       gini        |       conc       |  cg_rat   
--------+-------------------+------------------+-----------
 COSMOS | 0.505315816622831 |  2.9826252928467 | 5.9024973
 COSMOS | 0.500590685140458 | 2.97597832910617 | 5.9449334
 COSMOS |  0.50361598800351 |   2.987334888289 | 5.9317713
 EGS    |  0.50042450368941 | 2.98645170853111 |  5.967837
 COSMOS | 0.500671122036005 | 2.97465381069856 |  5.941333
 COSMOS | 0.503719930512369 | 2.97337141688731 |  5.902827
 GOODSS | 0.500338113641828 | 2.98312251852409 |  5.962213
 UDS    | 0.503803338671752 | 2.98048530133007 |   5.91597
 UDS    | 0.500305684629919 | 2.97898274914929 |  5.954325
(9 rows)
```


